type,id,name,cp,year_10143,year_09019,year_10148_BISM,year_10148_DA,year_10148_ESD,year_10148_ID,year_10148_NC,year_09119_BISM,year_09119_IDA,year_09119_NC,year_09119_ESDA,year_09119_AIDA,year_09119_MA,year_09119_ORA,year_09119_SA,year_09119_CPA
cbk,90417,Switzerland Language and Culture,32,,,,,,,,,,,,,,,,
cbk,90480,Chinese Language and Culture,32,,,,,,,,,,,,,,,,
cbk,90481,Japanese Language and Culture,32,,,,,,,,,,,,,,,,
cbk,90483,French Language and Culture,32,,,,,,,,,,,,,,,,
cbk,90484,Spanish Language and Culture,32,,,,,,,,,,,,,,,,
cbk,90485,German Language and Culture,32,,,,,,,,,,,,,,,,
cbk,90486,Italian Language and Culture,32,,,,,,,,,,,,,,,,
cbk,90005,Country major choice,96,,,,,,,,,,,,,,,,
cbk,90169,Major Choice (Business),48,,,,,,,,,,,,,,,,
cbk,90304,Electives,24,,,,,,,,,,,,,,,,
cbk,90418,Bilingual Language and Culture (Switzerland),32,,,,,,,,,,,,,,,,
cbk,90487,Chinese Language and Culture,16,,,,,,,,,,,,,,,,
cbk,90488,Japanese Language and Culture,16,,,,,,,,,,,,,,,,
cbk,90490,French Language and Culture,16,,,,,,,,,,,,,,,,
cbk,90491,Spanish Language and Culture,16,,,,,,,,,,,,,,,,
cbk,90492,German Language and Culture,16,,,,,,,,,,,,,,,,
cbk,90493,Italian Language and Culture,16,,,,,,,,,,,,,,,,
cbk,90494,Chinese Language and Culture,24,,,,,,,,,,,,,,,,
cbk,90495,Japanese Language and Culture,24,,,,,,,,,,,,,,,,
cbk,90497,French Language and Culture,24,,,,,,,,,,,,,,,,
cbk,90498,Spanish Language and Culture,24,,,,,,,,,,,,,,,,
cbk,90499,German Language and Culture,24,,,,,,,,,,,,,,,,
cbk,90500,Italian Language and Culture,24,,,,,,,,,,,,,,,,
cbk,90571,Electives,24,0,,,,,,,,,,,,,,,
cbk,90781,Major choice (Information Technology),48,,,,,,,,,,,,,,,,
cbk,90782,Major/Two sub-majors/Electives,48,,,,,,,,,,,,,,,,
cbk,90783,Electives,24,,,,,,,,,,,,,,,,
cbk,90922,Options (Law UG),30,,,,,,,,,,,,,,,,
cbk,90923,Options (Legal Theory UG),6,,,,,,,,,,,,,,,,
cbk,91202,Choice (Advanced Technology),6,4,,,,,,,,,,,,,,,
cbk,91203,Choice (Technology),6,3,,,,,,,,,,,,,,,
cbk,91220,Major choice (Information Technology),48,,,,,,,,,,,,,,,,
cbk,91728,Choice (Legal Futures and Technnology),,,,,,,,,,,,,,,,,
cbk,91729,LLB options,30,,,,,,,,,,,,,,,,
cbk,91738,Electives,12,,,,,,,,,,,,,,,,
cbk,91780,Sub-major/Electives,36,,,,,,,,,,,,,,,,
maj,01156,Mathematical Analysis,,,,,,,,,,,,,,,,,
maj,01157,Operations Research,,,,,,,,,,,,,,,,,
maj,01158,Statistics,,,,,,,,,,,,,,,,,
maj,02080,Business Information Systems Management,,,,,,,,,,,,,,,,,
maj,02081,Data Analytics,,,,,,,,,,,,,,,,,
maj,02092,Interaction Design,,,,,,,,,,,,,,,,,
maj,03444,Enterprise Systems Development,,,,,,6,,,,,,,,,,,
maj,03445,Networking and Cybersecurity,,,,,,,,,,,,,,,,,
maj,03519,Enterprise Systems Development,,,,,,,,,,,,,,,,,
maj,08437,Accounting,,,,,,,,,,,,,,,,,
maj,08438,Management,,,,,,,,,,,,,,,,,
maj,08440,Finance,,,,,,,,,,,,,,,,,
maj,08441,Marketing,,,,,,,,,,,,,,,,,
maj,08442,International Business,,,,,,,,,,,,,,,,,
maj,08446,Human Resource Management,,,,,,,,,,,,,,,,,
maj,08981,Advertising and Marketing Communications,,,,,,,,,,,,,,,,,
maj,09209,Economics,,,,,,,,,,,,,,,,,
maj,09380,Latino USA,,,,,,,,,,,,,,,,,
maj,09409,Colombia,,,,,,,,,,,,,,,,,
maj,09430,Costa Rica,,,,,,,,,,,,,,,,,
maj,09431,Argentina,,,,,,,,,,,,,,,,,
maj,09432,Canada,,,,,,,,,,,,,,,,,
maj,09433,Chile,,,,,,,,,,,,,,,,,
maj,09434,China,,,,,,,,,,,,,,,,,
maj,09435,France,,,,,,,,,,,,,,,,,
maj,09436,Germany,,,,,,,,,,,,,,,,,
maj,09437,Italy,,,,,,,,,,,,,,,,,
maj,09438,Japan,,,,,,,,,,,,,,,,,
maj,09439,Mexico,,,,,,,,,,,,,,,,,
maj,09440,Spain,,,,,,,,,,,,,,,,,
maj,09441,Switzerland,,,,,,,,,,,,,,,,,
maj,09443,Legal Futures and Technnology,,,,,,,,,,,,,,,,,
maj,10053,Data Analytics and Artificial Intelligence,,,,,,,,,,,,,,,,,
smj,01010,Electronics and Computer Interfacing,,,,,,,,,,,,,,,,,
smj,01012,Physics,,,,,,,,,,,,,,,,,
smj,01026,Quantitative Management,,,,,,,,,,,,,,,,,
smj,01032,Statistical Modelling,,,,,,,,,,,,,,,,,
smj,02057,Scientific Computing,,,,,,,,,,,,,,,,,
smj,02064,Business Information Systems Management,,,,,,,,,,,,,,,,,
smj,02065,Data Analytics,,,,,,,,,,,,,,,,,
smj,02066,Computer Graphics and Animation,,,,,,,,,,,,,,,,,
smj,02067,Interaction Design,,,,,,,,,,,,,,,,,
smj,03036,Enterprise Systems Development,,,,,,,,,,,,,,,,,
smj,03037,Networking and Cybersecurity,,,,,,,,,,,,,,,,,
smj,08157,Business Accounting,,,,,,,,,,,,,,,,,
smj,08159,Employment Relations,,,,,,,,,,,,,,,,,
smj,08160,International Management,,,,,,,,,,,,,,,,,
smj,08181,Introductory Finance,,,,,,,,,,,,,,,,,
smj,08188,Accounting for Small Business,,,,,,,,,,,,,,,,,
smj,08196,Innovation,,,,,,,,,,,,,,,,,
smj,08197,Marketing Principles,,,,,,,,,,,,,,,,,
smj,08198,Advertising Principles,,,,,,,,,,,,,,,,,
smj,09034,International Studies,,,,,,,,,,,,,,,,,
smj,09035,Language other than English,,,,,,,,,,,,,,,,,
smj,09036,Specialist Country Studies,,,,,,,,,,,,,,,,,
smj,09040,Introductory Economics,,,,,,,,,,,,,,,,,
smj,10051,Network Security,,,,,,,,,,,,,,,,,
stm,90016,China: Specialist Country Studies stream,,,,,,,,,,,,,,,,,
stm,90017,France: Specialist Country Studies stream,,,,,,,,,,,,,,,,,
stm,90018,Germany: Specialist Country Studies stream,,,,,,,,,,,,,,,,,
stm,90020,Italy: Specialist Country Studies stream,,,,,,,,,,,,,,,,,
stm,90021,Japan: Specialist Country Studies stream,,,,,,,,,,,,,,,,,
stm,90022,Latin America: Specialist Country Studies stream,,,,,,,,,,,,,,,,,
stm,90023,Spain: Specialist Country Studies stream,,,,,,,,,,,,,,,,,
stm,90273,Core subjects (Business),48,,,,,,,,,,,,,,,,
stm,90506,Latino USA: Specialist Country Studies stream,,,,,,,,,,,,,,,,,
stm,90507,Quebec: Specialist Country Studies stream,,,,,,,,,,,,,,,,,
stm,90508,Switzerland (French): Specialist Country Studies stream,,,,,,,,,,,,,,,,,
stm,90509,Switzerland (German): Specialist Country Studies stream,,,,,,,,,,,,,,,,,
stm,90651,Core subjects (Information Technology),,,,,,,,,,,,,,,,,
stm,90691,Law Stream,,,,,,,,,,,,,,,,,
stm,90832,Core (Law),,,,,,,,,,,,,,,,,
stm,90839,Core subjects (Creative Intelligence and Innovation),,,,,,,,,,,,,,,,,
stm,90990,IT Work Integrated Learning Prog,,,,,,,,,,,,,,,,,
stm,91157,Work Integrated Learning,,,,,,,,,,,,,,,,,
stm,91158,Core subjects (Information Technology),,,,,,,,,,,,,,,,,
stm,91172,Core Honours subjects (Computing Science),,,,,,,,,,,,,,,,,
stm,91173,Core subjects (Computing Science),,,,,,,,,,,,,,,,,
stm,91303,Core subjects (Games Development),,,,,,,,,,,,,,,,,
stm,91314,China: International Studies stream,,,,,,,,,,,,,,,,,
stm,91315,France: International Studies stream,,,,,,,,,,,,,,,,,
stm,91316,Germany: International Studies stream,,,,,,,,,,,,,,,,,
stm,91317,Italy: International Studies stream,,,,,,,,,,,,,,,,,
stm,91318,Japan: International Studies stream,,,,,,,,,,,,,,,,,
stm,91320,Latino USA: International Studies stream,,,,,,,,,,,,,,,,,
stm,91321,Canada (Quebec): International Studies stream,,,,,,,,,,,,,,,,,
stm,91322,Spain: International Studies stream,,,,,,,,,,,,,,,,,
stm,91323,Switzerland (French): International Studies stream,,,,,,,,,,,,,,,,,
stm,91324,Switzerland (German): International Studies stream,,,,,,,,,,,,,,,,,
stm,91325,Switzerland (Italian): International Studies stream,,,,,,,,,,,,,,,,,
xbk,01012-1,,6,,,,,,,,,,,,,,,,
xbk,01026-1,,12,,,,,,,,,,,,,,,,
xbk,01032-1,,18,,,,,,,,,,,,,,,,
xbk,01157-1,,6,,,,,,,,,,,,,,,,
xbk,01157-2,,6,,,,,,,,,,,,,,,,
xbk,01158-1,,6,,,,,,,,,,,,,,,,
xbk,02057-1,,12,,,,,,,,,,,,,,,,
xbk,02064-1,,24,,,,,,,,,,,,,,,,
xbk,02065-1,,12,,,,,,,,,,,,,,,,
xbk,02066-1,,18,,,,,,,,,,,,,,,,
xbk,02080-1,,6,,,,,,,,,,,,,,,,
xbk,02081-1,,6,,,,,,,,,,,,,,,,
xbk,02081-2,,6,,,,,,,,,,,,,,,,
xbk,02092-1,,12,,,,,,,,,,,,,,,,
xbk,03036-1,,12,,,,,,,,,,,,,,,,
xbk,03037-1,,12,,,,,,,,,,,,,,,,
xbk,03444-1,,12,,,,,,,,,,,,,,,,
xbk,03519-1,,24,,,,,,,,,,,,,,,,
xbk,08197-1,,12,,,,,,,,,,,,,,,,
xbk,08157-1,,12,,,,,,,,,,,,,,,,
xbk,08188-1,,12,,,,,,,,,,,,,,,,
xbk,08196-1,,6,,,,,,,,,,,,,,,,
xbk,08438-1,,12,,,,,,,,,,,,,,,,
xbk,08440-1,,18,,,,,,,,,,,,,,,,
xbk,08441-1,,18,,,,,,,,,,,,,,,,
xbk,08442â€”1,,12,,,,,,,,,,,,,,,,
xbk,08981-1,,6,,,,,,,,,,,,,,,,
xbk,09034-1,,24,,,,,,,,,,,,,,,,
xbk,09035-1,,24,,,,,,,,,,,,,,,,
xbk,09036-1,,24,,,,,,,,,,,,,,,,
xbk,09040-1,,6,,,,,,,,,,,,,,,,
xbk,09209-1,,18,,,,,,,,,,,,,,,,
xbk,09443-1,,6,,,,,,,,,,,,,,,,
xbk,10051-1,,12,,,,,,,,,,,,,,,,
xbk,10053-1,,24,,,,,,,,,,,,,,,,
xbk,90839-1,,6,,,,,,,,,,,,,,,,
xbk,91314-1,,8,,,,,,,,,,,,,,,,
xbk,91315-1,,8,,,,,,,,,,,,,,,,
xbk,91316-1,,8,,,,,,,,,,,,,,,,
xbk,91317-1,,8,,,,,,,,,,,,,,,,
xbk,91318-1,,8,,,,,,,,,,,,,,,,
xbk,91320-1,,8,,,,,,,,,,,,,,,,
xbk,91321-1,,8,,,,,,,,,,,,,,,,
xbk,91322-1,,8,,,,,,,,,,,,,,,,
xbk,91323-1,,8,,,,,,,,,,,,,,,,
xbk,91324-1,,8,,,,,,,,,,,,,,,,
xbk,91325-1,,8,,,,,,,,,,,,,,,,
xbk,91780-1,,24,,,,,,,,,,,,,,,,
,21440,Management Skills,6,0,,,,,,,,,,,,,,,
,21506,International Business Capstone,6,,,,,,,,,,,,,,,,
,21555,Introduction to Human Resource Management,6,0,,,,,,,,,,,,,,,
,21595,International Management Field Study,6,,,,,,,,,,,,,,,,
,21999,Business Internship,6,,,,,,,,,,,,,,,,
,22319,Financial Statement Analysis (Capstone),6,,,,,,,,,,,,,,,,
,22421,Management Decisions and Control,6,,,,,,,,,,,,,,,,
,22522,Assurance Services and Audit,6,,,,,,,,,,,,,,,,
,23002,Market Design,6,,,,,,,,,,,,,,,,
,23005,Behavioural Economics,6,,,,,,,,,,,,,,,,
,23021,Labour Economics,6,,,,,,,,,,,,,,,,
,23022,Public Economics,6,,,,,,,,,,,,,,,,
,23115,Economics for Business,6,,,,,,,,,,,,,,,,
,23418,Economics of Money and Finance,6,,,,,,,,,,,,,,,,
,23504,Economics of Competition and Strategy,6,,,,,,,,,,,,,,,,
,23565,Mathematics for Economy and Businenss,6,,,,,,,,,,,,,,,,
,23566,Economics for Business 2,6,,,,,,,,,,,,,,,,
,23567,Intermediate Microeconomics,6,,,,,,,,,,,,,,,,
,23568,Intermediate Macroeconomics,6,,,,,,,,,,,,,,,,
,23569,Economic Growth and Development,6,,,,,,,,,,,,,,,,
,23570,Economics of the Environment,6,,,,,,,,,,,,,,,,
,23571,Introductory Econometrics,6,,,,,,,,,,,,,,,,
,23572,Applied Microeconometrics,6,,,,,,,,,,,,,,,,
,23580,The Global Economy (Capstone),6,,,,,,,,,,,,,,,,
,23592,Game Theory,6,,,,,,,,,,,,,,,,
,23999,Business Internship,6,,,,,,,,,,,,,,,,
,24101,Applied Project in Advertising and Marketing Communication,6,,,,,,,,,,,,,,,,
,24104,Digital Marketing and Social Media,6,,,,,,,,,,,,,,,,
,24205,Business-to-Business Marketing,6,,,,,,,,,,,,,,,,
,24207,Media Planning,6,,,,,,,,,,,,,,,,
,24220,International Marketing,6,,,,,,,,,,,,,,,,
,24306,Services Marketing,6,,,,,,,,,,,,,,,,
,24309,Marketing Research,6,,,,,,,,,,,,,,,,
,24510,Advertising Research,6,,,,,,,,,,,,,,,,
,25300,Fundamentals of Business Finance,6,0,,,,,,,,,,,,,,,
,25410,Corporate Financial Analysis (Capstone),6,,,,,,,,,,,,,,,,
,25421,International Financial Management,6,,,,,,,,,,,,,,,,
,25503,Investment Analysis,6,,,,,,,,,,,,,,,,
,25556,The Financial System,6,,,,,,,,,,,,,,,,
,25557,Corporate Finance: Theory and Practice,6,,,,,,,,,,,,,,,,
,25558,Issues in Corporate Finance,6,,,,,,,,,,,,,,,,
,25573,Time Series Econometrics,6,,,,,,,,,,,,,,,,
,25574,Commercial Bank Management,6,,,,,,,,,,,,,,,,
,25575,Investment Bannking,6,,,,,,,,,,,,,,,,
,25579,Applied Portfolio Management,6,,,,,,,,,,,,,,,,
,25602,Ethics in Finance,6,,,,,,,,,,,,,,,,
,25620,Derivative Securities,6,,,,,,,,,,,,,,,,
,25622,Quantitative Business Analysis,6,,,,,,,,,,,,,,,,
,25999,Business Internship,6,,,,,,,,,,,,,,,,
,26100,Integrating Business Perspectives,6,,,,,,,,,,,,,,,,
,26134,Business Statistics,6,0,,,,,,,,,,,,,,,
,31016,Career Management for IT Professionals,6,,,,,,,,,,,,,,,,
,31274,Network Management,6,0,,0,0,0,0,,0,0,0,0,0,0,0,0,0
,31275,Mobile Networking,6,0,,0,0,0,0,4,0,0,6,0,0,0,0,0,0
,31277,Routing and Switching Essentials,6,0,,0,0,0,0,3,0,0,4,0,0,0,0,0,0
,31338,Network Servers,6,0,,0,0,0,0,4,0,0,0,0,0,0,0,0,0
,35363,Stochastic Models,6,,,,,,,,,,,,,,,,
,35383,Programming for Mathematical Modelling and Data Analysis,6,,,,,,,,,,,,,,,,
,37255,Forensic Statistics,6,,,,,,,,,,,,,,,,
,41061,IT Professional Experience 1,3,,,,,,,,,,,,,,,,
,41062,IT Professional Experience 2,3,,,,,,,,,,,,,,,,
,41063,IT Professional Experience 3,3,,,,,,,,,,,,,,,,
,41064,IT Professional Experience 4,3,,,,,,,,,,,,,,,,
,41065,IT Experience Reflection,6,,,,,,,,,,,,,,,,
,41071,Work Integrated Learning 1,6,,,,,,,,,,,,,,,,
,41072,Work Integrated Learning 2,6,,,,,,,,,,,,,,,,
,41073,Work Integrated Learning 3,6,,,,,,,,,,,,,,,,
,41074,Work Integrated Learning 4,6,,,,,,,,,,,,,,,,
,41890,Applying Network Security,6,,,0,0,0,0,0,0,0,0,0,0,0,0,0,0
,41891,Cloud Computing Infrastructure,6,,,0,0,0,0,0,0,0,0,0,0,0,0,0,0
,41903,Internet Science,6,,,0,0,0,0,0,0,0,0,0,0,0,0,0,0
,41905,Software Defined Networks,6,,,0,0,0,0,0,0,0,0,0,0,0,0,0,0
,42036,Cyber Security for Mobile Platform,6,,,0,0,0,0,0,0,0,0,0,0,0,0,0,0
,42037,IoT Secority,6,,,0,0,0,0,0,0,0,0,0,0,0,0,0,0
,48033,Internet of Things,6,0,,0,0,0,0,0,0,0,0,0,0,0,0,0,0
,48436,Digital Forensics,6,,,0,0,0,0,0,0,0,0,0,0,0,0,0,0
,48450,Real-time Operating Systems,6,,,0,0,0,0,0,0,0,0,0,0,0,0,0,0
,48730,Cyber Security,6,,,0,0,0,0,0,0,0,5,0,0,0,0,0,5
,59333,Advertising Strategies,6,,,,,,,,,,,,,,,,
,68315,Imaging Science,6,,,,,,,,,,,,,,,,
,68414,Advanced Mechanics,6,,,,,,,,,,,,,,,,
,70103,Ethics Law and Justice,6,,,,,,,,,,,,,,,,
,70104,Civil Practice,6,,,,,,,,,,,,,,,,
,70108,Public International Law,6,,,,,,,,,,,,,,,,
,70109,Evidence,6,,,,,,,,,,,,,,,,
,70114,Criminal Law and Procedure,8,,,,,,,,,,,,,,,,
,70211,Contracts,8,,,,,,,,,,,,,,,,
,70311,Torts,8,,,,,,,,,,,,,,,,
,70317,Real Property,8,,,,,,,,,,,,,,,,
,70327,Commercial Law,6,,,,,,,,,,,,,,,,
,70417,Corporate Law,8,,,,,,,,,,,,,,,,
,70517,Equity and Trusts,8,,,,,,,,,,,,,,,,
,70616,Australian Constitutional Law,8,,,,,,,,,,,,,,,,
,70617,Administrative Law,8,,,,,,,,,,,,,,,,
,71116,Remedies,6,,,,,,,,,,,,,,,,
,76002,Sports Law,6,,,,,,,,,,,,,,,,
,76003,Asian Law and Legal Systems,6,,,,,,,,,,,,,,,,
,76005,Islamic Law,6,,,,,,,,,,,,,,,,
,76007,International Human Rights Law,6,,,,,,,,,,,,,,,,
,76008,Jurisprudence,6,,,,,,,,,,,,,,,,
,76009,Introduction to Chinese Business Law,6,,,,,,,,,,,,,,,,
,76010,Disability and the Law,6,,,,,,,,,,,,,,,,
,76012,Criminology,6,,,,,,,,,,,,,,,,
,76013,World Trade Law,6,,,,,,,,,,,,,,,,
,76015,Labour Law,6,,,,,,,,,,,,,,,,
,76016,Advanced Revenue Law,6,,,,,,,,,,,,,,,,
,76019,Broadcasting and Telecommunications Regulation,6,,,,,,,,,,,,,,,,
,76020,Entertainment Law,6,,,,,,,,,,,,,,,,
,76022,Insurance Law,6,,,,,,,,,,,,,,,,
,76023,Deceptive Trade Practices and Product Liability,6,,,,,,,,,,,,,,,,
,76024,Environmental Law,6,,,,,,,,,,,,,,,,
,76025,International Organisations,6,,,,,,,,,,,,,,,,
,76027,Competition Law,6,,,,,,,,,,,,,,,,
,76030,Genetics and the Law,6,,,,,,,,,,,,,,,,
,76033,Animal Law and Policy in Australia,6,,,,,,,,,,,,,,,,
,76034,Law of Slavery and Human Trafficking,6,,,,,,,,,,,,,,,,
,76036,International Trade Law and the Environment,6,,,,,,,,,,,,,,,,
,76037,Advanced Criminal Law,6,,,,,,,,,,,,,,,,
,76038,Law and Mental Health,6,,,,,,,,,,,,,,,,
,76039,Jessup International Moot,6,,,,,,,,,,,,,,,,
,76040,Research Thesis,6,,,,,,,,,,,,,,,,
,76041,Climate Law and Carbon Markets,6,,,,,,,,,,,,,,,,
,76043,Building and Construction Law,6,,,,,,,,,,,,,,,,
,76045,Medicine and Law,6,,,,,,,,,,,,,,,,
,76047,Advanced Contracts,6,,,,,,,,,,,,,,,,
,76048,Citizenship and Immigration Law,6,,,,,,,,,,,,,,,,
,76052,Dispute Resolution Advocacy,6,,,,,,,,,,,,,,,,
,76056,Intellectual Property Commercialisation Overview,6,,,,,,,,,,,,,,,,
,76057,Judgment and the Rule of Law,6,,,,,,,,,,,,,,,,
,76063,Media Law,6,,,,,,,,,,,,,,,,
,76066,Children and the Law,6,,,,,,,,,,,,,,,,
,76068,Indigenous Peoples and the Law,6,,,,,,,,,,,,,,,,
,76069,Law and Justice Studies,6,,,,,,,,,,,,,,,,
,76070,Biomedical Law and Bioethics,6,,,,,,,,,,,,,,,,
,76074,Australian Civil Liberties Law,6,,,,,,,,,,,,,,,,
,76080,Finance Law,6,,,,,,,,,,,,,,,,
,76081,Gender and Law,6,,,,,,,,,,,,,,,,
,76084,Intellectual Property: Copyright and Designs,6,,,,,,,,,,,,,,,,
,76085,Intellectual Property: Trade Marks and Patents,6,,,,,,,,,,,,,,,,
,76086,Advanced Commercial Transactions,6,,,,,,,,,,,,,,,,
,76087,Workplace Health and Safety Law,6,,,,,,,,,,,,,,,,
,76088,Discrimination and the Law,6,,,,,,,,,,,,,,,,
,76089,Privacy and Surveillance Law,6,,,,,,,,,,,,,,,,
,76090,Research Methodology,6,,,,,,,,,,,,,,,,
,76091,Advanced Evidence,6,,,,,,,,,,,,,,,,
,76092,Advanced Property,6,,,,,,,,,,,,,,,,
,76093,Elder Law,6,,,,,,,,,,,,,,,,
,76094,Oxford International Intellectual Property Moot,6,,,,,,,,,,,,,,,,
,76095,Strategic Litigation Clinic,6,,,,,,,,,,,,,,,,
,76096,Experiential Research and Law,6,,,,,,,,,,,,,,,,
,76097,Local Internship,6,,,,,,,,,,,,,,,,
,76098,International Legal Internship,6,,,,,,,,,,,,,,,,
,76099,Applied Human Rights Fieldwork,6,,,,,,,,,,,,,,,,
,76105,Disruptive Technologies and the Law,6,,,,,,,,,,,,,,,,
,76106,"Technology Law, Policy and Ethics (Capstone 1)",6,,,,,,,,,,,,,,,,
,76107,"Applied Project in Law, Innovation, and Technology",6,,,,,,,,,,,,,,,,
,76108,International Law and Cultural Heritage,6,,,,,,,,,,,,,,,,
,76109,History and Theory of International Law,6,,,,,,,,,,,,,,,,
,76112,Australian Private International Law,6,,,,,,,,,,,,,,,,
,76115,Insolvency,6,,,,,,,,,,,,,,,,
,76212,Revenue Law,6,,,,,,,,,,,,,,,,
,76516,Family Law,6,,,,,,,,,,,,,,,,
,76517,Succession,6,,,,,,,,,,,,,,,,
,76521,Intellectual Property and Traditional Knowledge,6,,,,,,,,,,,,,,,,
,76801,Exchange Subject 1,6,,,,,,,,,,,,,,,,
,76802,Exchange Subject 2,6,,,,,,,,,,,,,,,,
,76803,Exchange Subject 3,6,,,,,,,,,,,,,,,,
,76804,Exchange Subject 4,6,,,,,,,,,,,,,,,,
,76900,Moot,6,,,,,,,,,,,,,,,,
,76902,Law and Literature,6,,,,,,,,,,,,,,,,
,76903,International Commercial Transactions,6,,,,,,,,,,,,,,,,
,76904,Price International Media Law Moot,6,,,,,,,,,,,,,,,,
,77715,Banking Law,6,,,,,,,,,,,,,,,,
,77794,International Environmental Law,6,,,,,,,,,,,,,,,,
,78008,Law of the Sea,6,,,,,,,,,,,,,,,,
,78013,Refugee Law and Practice,6,,,,,,,,,,,,,,,,
,78016,International Humanitarian Law,6,,,,,,,,,,,,,,,,
,78030,Criminal Sentencing Law,6,,,,,,,,,,,,,,,,
,78039,Wickedness and Vice,6,,,,,,,,,,,,,,,,
,78040,The Law and Education,6,,,,,,,,,,,,,,,,
,78042,Environmental Planning and Development Law,6,,,,,,,,,,,,,,,,
,79014,Applied Company Law,6,0,,,,,,,,,,,,,,,
,79017,Taxation Law,6,0,,,,,,,,,,,,,,,
,79605,International Business Transactions and the Law,6,,,,,,,,,,,,,,,,
,97510,Spanish Language and Culture 10,8,,,,,,,,,,,,,,,,
,976404,Contemporary Switzerland,8,,,,,,,,,,,,,,,,
,976451,Contemporary Spain,8,,,,,,,,,,,,,,,,
,21036,Managing Strategic Performance,6,,,,,,,,,,,,,,,,
,21037,Managing Employee Relations,6,,,,,,,,,,,,,,,,
,21129,Introduction to Strategy,6,0,,,,,,,,,,,,,,,
,21227,Innovation and Entrepreneurship,6,0,,,,,,,,,,,,,,,
,21228,Management Consulting,6,0,,,,,,,,,,,,,,,
,21407,Strategic Human Resource Management,6,,,,,,,,,,,,,,,,
,21504,Management Capstone,6,,,,,,,,,,,,,,,,
,21505,Human Resource Management (Capstone),6,,,,,,,,,,,,,,,,
,21510,Managing People and Organisations,6,,,,,,,,,,,,,,,,
,21511,Global Operations and Supply Chain Management,6,,,,,,,,,,,,,,,,
,21512,Understanding Organisations: Theory and Practice,6,,,,,,,,,,,,,,,,
,21513,Business Ethics and Sustainability,6,,,,,,,,,,,,,,,,
,21591,Transnational Management,6,0,,,,,,,,,,,,,,,
,22016,Ethics and Governance,6,,,,,,,,,,,,,,,,
,22107,Accounting for Business Decisions A,6,0,,,,,,,,,,,,,,,
,22207,Accounting for Business Decisions B,6,,,,,,,,,,,,,,,,
,22240,International Accounting,6,,,,,,,,,,,,,,,,
,22320,Accounting for Business Combinations,6,,,,,,,,,,,,,,,,
,22321,Cost Management Systems,6,,,,,,,,,,,,,,,,
,22420,Accounting Standards and Regulations,6,,,,,,,,,,,,,,,,
,22566,Small Business Management and Accounting,6,,,,,,,,,,,,,,,,
,22567,Planning and Control for Small Business Enterprises,6,,,,,,,,,,,,,,,,
,22573,Innovation and Commercialisation,6,,,,,,,,,,,,,,,,
,22575,Accounting Processes and Applications,6,,,,,,,,,,,,,,,,
,24100,Applied Project in Marketing (Capstone),6,,,,,,,,,,,,,,,,
,24108,Marketing Foundations,6,0,,,,,,,,,,,,,,,
,24202,Consumer Behaviour,6,,,,,,,,,,,,,,,,
,24210,Integrated Marketing Communications,6,,,,,,,,,,,,,,,,
,24211,Branding,6,,,,,,,,,,,,,,,,
,24212,Entrepreneurial Marketing,6,,,,,,,,,,,,,,,,
,24222,Marketing Channels,6,,,,,,,,,,,,,,,,
,24223,Product Innovation Marketing,6,,,,,,,,,,,,,,,,
,24224,Pricing Strategies and Tactics,6,,,,,,,,,,,,,,,,
,24331,International Marketing,6,,,,,,,,,,,,,,,,
,24415,Marketing Planning and Strategy,6,,,,,,,,,,,,,,,,
,24999,Business Internship,6,,,,,,,,,,,,,,,,
,31005,Advanced Data Analytics,6,0,,0,0,0,0,,0,0,0,0,0,0,0,0,0
,31075,Object-relational Databases,6,0,,0,0,0,0,,0,0,0,0,0,0,0,0,0
,31080,Interactive Media,6,0,,0,0,0,4,,0,4,0,0,0,0,0,0,0
,31097,IT Operations Management,6,0,,0,0,0,0,,0,0,0,0,0,0,0,0,0
,31100,Enterprise Development with .NET,6,0,,0,0,0,0,,0,0,0,0,0,0,0,0,0
,31102,Game Design Studio 1,6,,,,,,,,,,,,,,,,
,31103,Game Design Studio 2,6,,,,,,,,,,,,,,,,
,31241,3D Computer Animation,6,0,,,,,,,,,,,,,,,
,31242,Advanced Internet Programming,6,0,,0,0,0,0,0,0,0,0,0,0,0,0,0,0
,31243,Analytics Capstone B,6,0,,0,0,0,0,0,,,,,,,,,
,31245,Business Process and IT Strategy,6,5,,5,0,0,0,0,7,0,0,0,0,0,0,0,0
,31247,Collaborative Business Processes,6,4,,2,0,0,0,0,4,0,0,0,0,0,0,0,0
,31248,Games and Graphics Project,6,0,,,,,,,,,,,,,,,
,31249,Computer Graphics Rendering Techniques,6,,,,,,,,,,,,,,,,
,31250,Introduction to Data Analytics,6,0,,0,3,0,0,0,0,0,0,0,4,0,0,0,0
,31251,Data Structures and Algorithms,6,0,,0,0,3,0,0,5,,5,5,5,5,5,,5
,31253,Database Programming,6,0,,0,0,0,0,0,0,0,0,0,0,0,0,0,0
,31255,Finance and IT Professionals,6,0,,3,0,0,0,0,4,0,0,0,0,0,0,0,0
,31256,Image Processing and Pattern Recognition,6,0,,0,0,0,0,0,0,0,0,0,0,0,0,0,0
,31257,Information System Development Methodologies,6,3,,3,0,0,0,0,4,0,0,0,0,0,0,0,0
,31258,Innovations for Global Relationship Management,6,0,,4,0,0,0,0,5,0,0,0,0,0,0,0,0
,31260,Fundamentals of Interaction Design,6,0,,0,0,3,2,0,,4,0,4,,,,,
,31262,Introduction to Computer Game Design,6,0,,0,0,0,0,0,0,0,0,0,0,0,0,0,0
,31263,Introduction to Computer Game Development,6,0,,0,0,0,0,0,0,0,0,0,0,0,0,0,0
,31264,Introduction to Computer Graphics,6,0,,,,,,,,,,,,,,,
,31265,Communication for IT Professionals,6,1,,1,1,1,1,1,,,,,,,,,
,31266,Introduction to Information Systems,6,1,,1,1,1,1,1,1,1,1,1,1,1,1,1,1
,31268,Web Systems,6,1,,1,1,1,1,1,3,3,3,3,3,3,3,3,3
,31269,Business Requirements Modelling,6,2,,2,2,2,2,2,2,2,2,2,2,2,2,2,2
,31271,Database Fundamentals,6,2,,3,3,3,3,3,2,2,2,2,2,2,2,2,2
,31272,Project Management and the Professional,6,6,,5,5,5,5,5,7,7,6,7,7,7,7,7,7
,31276,Networked Enterprise Architecture,6,0,,4,0,0,0,0,6,0,0,0,0,0,0,0,0
,31280,Strategic IT Project,6,0,,6,0,0,0,0,6,0,0,0,0,0,0,0,0
,31282,Systems Testing and Quality Management,6,0,,0,0,0,0,0,0,0,0,0,0,0,0,0,0
,31285,Mobile Applications Development,6,0,,0,0,0,0,0,0,0,0,0,0,0,0,0,0
,31482,Honours Project,12,,2,,,,,,8,8,8,8,8,8,8,8,8
,31489,Industry Study 1,6,2,,,,,,,,,,,,,,,
,31490,Industry Study 2,6,5,,,,,,,,,,,,,,,
,31748,Programming on the Internet,6,,,0,0,0,0,0,0,0,0,0,0,0,0,0,0
,31777,Advanced Interaction Design,6,0,,0,0,0,4,0,0,4,0,0,0,0,0,0,0
,31927,Application Development in .NET,6,,,0,0,0,0,0,,,,,,,,,
,32144,Technology Research Preparation,6,,1,,,,,,6,6,6,6,6,6,6,6,6
,32146,Data Visualisation and Visual Analytics,6,,,0,0,0,0,0,0,0,0,0,0,0,0,0,0
,32931,Technology Research Methods,6,,1,,,,,,7,7,7,7,7,7,7,7,7
,37131,Introduction to Linear Dynamical Systems,6,,,0,3,0,0,0,1,1,1,1,1,1,1,1,1
,37132,Introduction to Mathematical Analysis and Modelling,6,,,,,,,,2,2,2,2,2,2,2,2,2
,37151,Introduction to Statistics,6,,,0,3,0,0,0,1,1,1,1,1,1,1,1,1
,37161,Probability and Random Variables,6,,,,,,,,0,0,0,0,0,4,4,4,
,37181,Discrete Mathematics,6,,,,,,,,2,2,2,2,2,2,2,2,2
,37233,Linear Algebra,6,,,,,,,,0,0,0,0,0,4,4,4,
,37234,Advanced Calculus,6,,,,,,,,0,0,0,0,0,7,0,0,0
,37242,Optimisation in Quantitative Management,6,,,,,,,,0,0,0,0,0,0,0,0,0
,37252,Regression Analysis,6,,,,,,,,0,0,0,0,0,4,4,4,0
,37253,Sample Surveys,6,,,,,,,,0,0,0,0,0,0,0,6,0
,37262,Simulation Modelling,6,,,,,,,,0,0,0,0,0,0,0,0,0
,37335,Differential Equations,6,,,,,,,,0,0,0,0,0,6,0,0,0
,37343,Nonlinear Methods in Quantitative Management ,6,,,,,,,,0,0,0,0,0,0,6,0,0
,37344,Network and Combinatorial Optimisation,6,,,,,,,,0,0,0,0,0,0,6,0,0
,37345,Quantitative Management Practice,6,,,,,,,,0,0,0,0,0,0,0,0,0
,37356,Design and Analysis of Experiments,6,,,,,,,,0,0,0,0,0,0,0,0,0
,37357,Advanced Statistical Modelling,6,,,,,,,,0,0,0,0,0,0,0,0,0
,37363,Stochastic Processes,6,,,,,,,,0,0,0,0,0,6,0,0,0
,37373,Programming for Data Analysis,6,,,,,,,,0,0,0,0,0,0,0,0,0
,37438,Modern Analysis with Applications,6,,,,,,,,0,0,0,0,0,8,0,0,0
,37458,Advanced Bayesian Methods,6,,,,,,,,0,0,0,0,0,0,0,0,0
,37459,Multivariate Data Analysis,6,,,,,,,,0,0,0,0,0,0,0,8,0
,37481,Honours Seminar 1,6,,,,,,,,0,0,0,0,0,0,0,0,0
,41001,Cloud Computing and Software as a Service,6,0,,0,0,0,0,0,0,0,0,0,0,0,0,0,0
,41003,Enterprise Architecture Practice,6,0,,,,,,,,,,,,,,,
,41004,Analytics Capstone Project,6,,,0,5,0,0,0,0,0,0,7,7,0,0,0,0
,41015,Industry Experience 1,3,2,,,,,,,,,,,,,,,
,41016,Industry Experience 2,3,5,,,,,,,,,,,,,,,
,41019,Prototyping Physical Interaction,6,,,0,0,0,3,0,0,0,0,0,0,0,0,0,0
,41020,Human-centred Design Methods,6,,,0,0,0,0,0,0,0,0,0,0,0,0,0,0
,41021,Interaction Design Studio,12,,,0,0,0,5,0,,6,0,0,0,0,0,0,0
,41024,Advanced Games Programming,6,,,,,,,,,,,,,,,,
,41025,Introduction to Software Development,6,4,,0,0,4,0,0,0,0,0,5,0,0,0,0,0
,41026,Advanced Software Development,6,6,,0,0,0,0,0,0,0,0,6,0,0,0,0,0
,41075,Principles of Programming Languages,6,,,,,,,,0,0,0,0,0,0,0,0,0
,41076,Quantum Computing,6,,,,,,,,0,0,0,0,0,0,0,0,0
,41077,Data Driven and Intelligent Robotics,6,,,,,,,,0,0,0,0,0,0,0,0,0
,41078,Computing Science Studio 1,6,,,,,,,,3,3,3,3,3,3,3,3,3
,41079,Computing Science Studio 2,6,,,,,,,,5,,5,5,5,5,5,5,5
,41080,Theory of Computing Science,6,,,,,,,,4,4,4,4,4,4,4,4,4
,41092,Network Fundamentals,6,3,,2,2,2,2,2,3,3,3,3,3,3,3,3,3
,41889,Application Development in the iOS Environment,6,0,,0,0,0,0,0,0,0,0,0,0,0,0,0,0
,41900,Security Fundamentals,6,0,,0,0,0,0,3,0,0,4,0,0,0,0,0,4
,42028,Deep Learning and Convolutional Neural Network,6,,,,,,,,0,0,0,0,0,0,0,0,0
,42913,Social and Information Network Analysis,6,,,0,0,0,0,0,0,0,0,0,0,0,0,0,0
,48023,Programming Fundamentals,6,1,,1,1,1,1,1,1,1,1,1,1,1,1,1,1
,48024,Applications Programming,6,3,,0,0,2,0,0,3,3,3,3,3,3,3,3,3
,48080,Introduction to Innovation,6,,,,,,,,,,,,,,,,
,48270,Entrepreneurship and Commercialisation,6,,,0,0,0,0,0,0,0,0,0,0,0,0,0,0
,48433,Software Architecture,6,4,,0,0,3,0,0,0,0,0,5,0,0,0,0,0
,59330,Advertising Practice,6,,,,,,,,,,,,,,,,
,68101,Foundations of Physics,6,,,,,,,,,,,,,,,,
,68201,Physics in Action,6,,,,,,,,,,,,,,,,
,68316,Applied Electronics and Interfacing,6,,,,,,,,,,,,,,,,
,68415,Measurement and Analysis of Physical Processes,6,,,,,,,,,,,,,,,,
,70102,Foundations of Law,8,,,,,,,,,,,,,,,,
,81511,Problems to Possibilities,8,,,,,,,,,,,,,,,,
,81512,Creative Practice and Methods,8,,,,,,,,,,,,,,,,
,81513,"Past, Present, Future of Innovation",8,,,,,,,,,,,,,,,,
,81514,Creativity and Complexity,8,,,,,,,,,,,,,,,,
,81515,Leading Innovationn,8,,,,,,,,,,,,,,,,
,81516,Initiatives and Entrepreneurship,8,,,,,,,,,,,,,,,,
,81521,Envisioning Futures,6,,,,,,,,,,,,,,,,
,81522,Innovation Internship A,6,,,,,,,,,,,,,,,,
,81523,Speculative Start-up,6,,,,,,,,,,,,,,,,
,81524,Professional Practice at the Cutting Edge,6,,,,,,,,,,,,,,,,
,81525,Innovation Internship B,6,,,,,,,,,,,,,,,,
,81528,New Knowledge-making Lab,6,,,,,,,,,,,,,,,,
,81531,Industry Innovation Project,12,,,,,,,,,,,,,,,,
,81532,Creative Intelligence Capstonne,12,,,,,,,,,,,,,,,,
,97101,Chinese Language and Culture 1,8,,,,,,,,,,,,,,,,
,97102,Chinese Language and Culture 2,8,,,,,,,,,,,,,,,,
,97103,Chinese Language and Culture 3,8,,,,,,,,,,,,,,,,
,97104,Chinese Language and Culture 4,8,,,,,,,,,,,,,,,,
,97105,Chinese Language and Culture 5,8,,,,,,,,,,,,,,,,
,97106,Chinese Language and Culture 6,8,,,,,,,,,,,,,,,,
,97109,Chinese Mass Media,8,,,,,,,,,,,,,,,,
,97110,Twentieth Century Chinese Fiction,8,,,,,,,,,,,,,,,,
,97111,Chinese Festivals and Ceremonies,8,,,,,,,,,,,,,,,,
,97112,Chinese Film,8,,,,,,,,,,,,,,,,
,97113,Chinese Culture and Heritage,8,,,,,,,,,,,,,,,,
,97201,Japanese Language and Culture 1,8,,,,,,,,,,,,,,,,
,97202,Japanese Language and Culture 2,8,,,,,,,,,,,,,,,,
,97203,Japanese Language and Culture 3,8,,,,,,,,,,,,,,,,
,97204,Japanese Language and Culture 4,8,,,,,,,,,,,,,,,,
,97205,Japanese Language and Culture 5,8,,,,,,,,,,,,,,,,
,97206,Japanese Language and Culture 6,8,,,,,,,,,,,,,,,,
,97207,Japanese Films and Popular Culture,8,,,,,,,,,,,,,,,,
,97208,Japanese Language and Identity,8,,,,,,,,,,,,,,,,
,97209,Japanese Media and Current Issues,8,,,,,,,,,,,,,,,,
,97210,Transcultural Communication in Japanese,8,,,,,,,,,,,,,,,,
,97401,French Language and Culture 1,8,,,,,,,,,,,,,,,,
,97402,French Language and Culture 2,8,,,,,,,,,,,,,,,,
,97403,French Language and Culture 3,8,,,,,,,,,,,,,,,,
,97404,French Language and Culture 4,8,,,,,,,,,,,,,,,,
,97405,French Language and Culture 5,8,,,,,,,,,,,,,,,,
,97406,French Language and Culture 6,8,,,,,,,,,,,,,,,,
,97407,Francophone Identities in Conflict,8,,,,,,,,,,,,,,,,
,97408,Show and Tell: Francophone Cultures on Display,8,,,,,,,,,,,,,,,,
,97409,Francophone Cultures of Consumption,8,,,,,,,,,,,,,,,,
,97410,Places and Spaces of the Francophone World,8,,,,,,,,,,,,,,,,
,97501,Spanish Language and Culture 1,8,,,,,,,,,,,,,,,,
,97502,Spanish Language and Culture 2,8,,,,,,,,,,,,,,,,
,97503,Spanish Language and Culture 3,8,,,,,,,,,,,,,,,,
,97504,Spanish Language and Culture 4,8,,,,,,,,,,,,,,,,
,97505,Spanish Language and Culture 5,8,,,,,,,,,,,,,,,,
,97506,Spanish Language and Culture 6,8,,,,,,,,,,,,,,,,
,97507,Human Rights in Hispanophone Societies,8,,,,,,,,,,,,,,,,
,97508,US Latin American Relations,8,,,,,,,,,,,,,,,,
,97509,Spanish Language and Culture 9,8,,,,,,,,,,,,,,,,
,976001,Foundations in International Studies,8,,,,,,,,,,,,,,,,
,97601,German Language and Culture 1,8,,,,,,,,,,,,,,,,
,97602,German Language and Culture 2,8,,,,,,,,,,,,,,,,
,97603,German Language and Culture 3,8,,,,,,,,,,,,,,,,
,97604,German Language and Culture 4,8,,,,,,,,,,,,,,,,
,97605,German Today,8,,,,,,,,,,,,,,,,
,97606,German Literature,8,,,,,,,,,,,,,,,,
,97607,German Film,8,,,,,,,,,,,,,,,,
,97608,German Popular Music,8,,,,,,,,,,,,,,,,
,976111,Contemporary China,8,,,,,,,,,,,,,,,,
,976211,Contemporary Japan,8,,,,,,,,,,,,,,,,
,976411,Contemporary France,8,,,,,,,,,,,,,,,,
,976421,Contemporary Germany,8,,,,,,,,,,,,,,,,
,976431,Contemporary Italy,8,,,,,,,,,,,,,,,,
,976502,Contemporary Latin(o) Americas,8,,,,,,,,,,,,,,,,
,976602,Contemporary Canada (Quebec),8,,,,,,,,,,,,,,,,
,977110,In-country Study 1: China,24,,,,,,,,,,,,,,,,
,977210,In-country Study 1: Japan,24,,,,,,,,,,,,,,,,
,977410,In-country Study 1: France,24,,,,,,,,,,,,,,,,
,977420,In-country Study 1: Germany,24,,,,,,,,,,,,,,,,
,977430,In-country Study 1: Italy,24,,,,,,,,,,,,,,,,
,977450,In-country Study 1: Spain,24,,,,,,,,,,,,,,,,
,977460,In-country Study 1: Switzerland,24,,,,,,,,,,,,,,,,
,977520,In-country Study 1: Chile,24,,,,,,,,,,,,,,,,
,977530,In-country Study 1: Mexico,24,,,,,,,,,,,,,,,,
,977542,In-country Study 1: Argentina,24,,,,,,,,,,,,,,,,
,977543,In-country Study 1: Canada,24,,,,,,,,,,,,,,,,
,977620,In-country Study 1: Latino USA,24,,,,,,,,,,,,,,,,
,977911,In-country Study 1: Colombia,24,,,,,,,,,,,,,,,,
,977914,In-country Study 1: Costa Rica,24,,,,,,,,,,,,,,,,
,977915,In-country Study 2: Costa Rica,24,,,,,,,,,,,,,,,,
,97801,Italian Language and Culture 1,8,,,,,,,,,,,,,,,,
,97802,Italian Language and Culture 2,8,,,,,,,,,,,,,,,,
,97803,Italian Language and Culture 3,8,,,,,,,,,,,,,,,,
,97804,Italian Language and Culture 4,8,,,,,,,,,,,,,,,,
,97805,Italian Language and Culture 5,8,,,,,,,,,,,,,,,,
,97806,Italian Language and Culture 6,8,,,,,,,,,,,,,,,,
,97807,Italian Language and Culture 7,8,,,,,,,,,,,,,,,,
,97808,Italian Language and Culture 8,8,,,,,,,,,,,,,,,,
,978110,In-country Study 2: China,24,,,,,,,,,,,,,,,,
,978210,In-country Study 2: Japan,24,,,,,,,,,,,,,,,,
,978410,In-country Study 2: France,24,,,,,,,,,,,,,,,,
,978420,In-country Study 2: Germany,24,,,,,,,,,,,,,,,,
,978430,In-country Study 2: Italy,24,,,,,,,,,,,,,,,,
,978450,In-country Study 2: Spain,24,,,,,,,,,,,,,,,,
,978460,In-country Study 2: Switzerland,24,,,,,,,,,,,,,,,,
,978520,In-country Study 2: Chile,24,,,,,,,,,,,,,,,,
,978530,In-country Study 2: Mexico,24,,,,,,,,,,,,,,,,
,978542,In-country Study 2: Argentina,24,,,,,,,,,,,,,,,,
,978543,In-country Study 2: Canada,24,,,,,,,,,,,,,,,,
,978620,In-country Study 2: Latino USA,24,,,,,,,,,,,,,,,,
,978911,In-country Study 2: Colombia,24,,,,,,,,,,,,,,,,
,131412,test,50,,,,,,,,,,,,,,,,
,13992,Aboriginal Sydney Now,6,0,,,,,,,,,,,,,,,
,79018,Advanced Commercial Law,6,0,,,,,,,,,,,,,,,
,79606,Advanced Taxation Law,6,0,,,,,,,,,,,,,,,
,31927,Application Development with .NET,6,0,,0,0,0,0,0,0,0,0,0,0,0,0,0,0
,36200,"Arguments, Evidence and Intuition",6,0,,0,0,0,0,0,,,,,,,,,
,79015,Banking Law,6,0,,,,,,,,,,,,,,,
,31249,Computer Graphics Rendering Techniques,6,0,,,,,,,,,,,,,,,
,48730,Cyber Security,6,0,,0,0,0,0,0,0,0,0,0,0,0,0,0,0
,23115,Economics for Business,6,0,,,,,,,,,,,,,,,
,79026,Estate Planning (UG),6,0,,,,,,,,,,,,,,,
,79013,Industrial and Labour Law,6,0,,,,,,,,,,,,,,,
,79006,Intellectual Property Commercialisation,6,0,,,,,,,,,,,,,,,
,79603,International Business Transactions and the Law,6,0,,,,,,,,,,,,,,,
,31261,Internetworking Project,6,0,,0,0,0,0,6,0,0,7,0,0,0,0,0,0
,70110,Introduction to Law,6,0,,,,,,,,,,,,,,,
,79011,Marketing Law,6,0,,,,,,,,,,,,,,,
,31030,Project,6,0,,,,,,,,,,,,,,,
,79027,Retirement Planning (UG),6,0,,,,,,,,,,,,,,,
,41113,Software Development Studio 1,6,0,,0,0,0,0,0,0,0,0,0,0,0,0,0,0
,41114,Software Development Studio 2,6,0,,0,0,0,0,0,0,0,0,0,0,0,0,0,0
,32011,Multilayer Switched Networks,6,0,,0,0,0,0,0,0,0,0,0,0,0,0,0,0
,41040,Introduction to Artificial Intelligence,6,,,,,,,,,,,,4,,,,
,41180,Emerging Topics in Cyber Security and Privacy,6,0,,0,0,0,0,0,0,0,0,0,0,0,0,0,7
,32009,Advanced Routing Principles,6,0,,0,0,0,0,0,0,0,0,0,0,0,0,0,0
,41181,Information Security and Management,6,,,,,,,,,,,,,,,,4
,41182,System Security,6,,,,,,,,,,,,,,,,5
,41183,Privacy Preserving,6,,,,,,,,,,,,,,,,6
,41184,Secure Programming and Penetration Testing,6,,,,,,,,,,,,,,,,7
